{
    "model_name": "XGBoost",
    "metrics": {
        "RMSE": 130449.47849317962,
        "MAE": 81302.27530381951,
        "MAPE": 36.90176332124218,
        "R2": 0.7635356976066014
    },
    "model_type": "XGBRegressor",
    "feature_importance": {
        "features": [
            "price_change_7d",
            "price_change_30d",
            "price_change_1d",
            "rolling_mean_7",
            "lag_7",
            "rolling_max_14",
            "lag_1",
            "ma_7_14",
            "rolling_std_30",
            "rolling_mean_30",
            "lag_30",
            "ma_7_30",
            "Day_cos",
            "WeekDay",
            "rolling_mean_14",
            "WeekDay_cos",
            "rolling_std_7",
            "rolling_min_7",
            "rolling_max_7",
            "rolling_std_14",
            "Month_sin",
            "rolling_max_30",
            "WeekDay_sin",
            "lag_3",
            "DayOfYear",
            "lag_14",
            "rolling_min_14",
            "Day",
            "Day_sin",
            "rolling_min_30",
            "lag_2",
            "Year",
            "WeekOfYear",
            "Month",
            "Month_cos",
            "Quarter"
        ],
        "importance_values": [
            0.14697319269180298,
            0.10247641056776047,
            0.09664852917194366,
            0.08756106346845627,
            0.040129128843545914,
            0.033448725938797,
            0.0331195667386055,
            0.027716148644685745,
            0.02751442976295948,
            0.026976943016052246,
            0.02661629393696785,
            0.026243150234222412,
            0.02560013346374035,
            0.023829549551010132,
            0.02343517728149891,
            0.023046225309371948,
            0.02283315919339657,
            0.021934334188699722,
            0.020128514617681503,
            0.017379503697156906,
            0.01635652221739292,
            0.014544517733156681,
            0.013079941272735596,
            0.012147271074354649,
            0.011515991762280464,
            0.011459915898740292,
            0.010546322911977768,
            0.01018205750733614,
            0.009475244209170341,
            0.008651812560856342,
            0.008609612472355366,
            0.008077701553702354,
            0.005943645723164082,
            0.00579924788326025,
            0.0,
            0.0
        ]
    }
}